Dataset,Feature,Valid_Values,IQR_Lower_Bound,IQR_Upper_Bound,Mean_Training_Value,Std_Training_Value,IQR_Outlier_Count,ZScore_Outlier_Count
Train,Total_Cost_INR,340,-318709.625,647493.375,179958.64705882352,174978.22340973854,8,2
Train,Usage_Quantity,340,-624.5794625,1337.6658375,384.5244947058824,298.4845788411579,0,0
Train,CPU_Utilization,340,-43.538749999999986,146.83124999999998,51.54764705882353,28.615001707128414,0,0
Train,Memory_Utilization,340,-42.842499999999994,138.3775,48.88494117647058,28.483744285573685,0,0
Train,Network_Inbound_Data_Bytes,340,-47428235884.75,153614565877.25,51642690377.473526,29327842072.968437,0,0
Train,Network_Outbound_Data_Bytes,340,-38818071787.375,155904221201.625,56459811226.77941,29526784982.380955,0,0
Train,Total_Network_Data_Bytes,340,-85549726710.125,308092067924.875,108102501604.25294,58785057643.04067,0,0
Train,Cost_per_Hour,289,-129.82993998971057,263.28622324051787,93.10398386141301,130.50625739818653,28,4
Train,Cost_per_Usage_Unit,340,-249.6166632304762,1161.30442591178,461.6260098934629,206.48227641070247,0,0
Train,OVERALL,340,,,,,31,27
Test,Total_Cost_INR,85,-318709.625,647493.375,179958.64705882352,174978.22340973854,1,0
Test,Usage_Quantity,85,-624.5794625,1337.6658375,384.5244947058824,298.4845788411579,0,0
Test,CPU_Utilization,85,-43.538749999999986,146.83124999999998,51.54764705882353,28.615001707128414,0,0
Test,Memory_Utilization,85,-42.842499999999994,138.3775,48.88494117647058,28.483744285573685,0,0
Test,Network_Inbound_Data_Bytes,85,-47428235884.75,153614565877.25,51642690377.473526,29327842072.968437,0,0
Test,Network_Outbound_Data_Bytes,85,-38818071787.375,155904221201.625,56459811226.77941,29526784982.380955,0,0
Test,Total_Network_Data_Bytes,85,-85549726710.125,308092067924.875,108102501604.25294,58785057643.04067,0,0
Test,Cost_per_Hour,0,-129.82993998971057,263.28622324051787,93.10398386141301,130.50625739818653,0,0
Test,Cost_per_Usage_Unit,85,-249.6166632304762,1161.30442591178,461.6260098934629,206.48227641070247,0,0
Test,OVERALL,85,,,,,1,7
