Resource_ID,Service_Name,Usage_Quantity,Usage_Unit,Region_Zone,CPU_Utilization,Memory_Utilization,Network_Inbound_Data_Bytes,Network_Outbound_Data_Bytes,Usage_Start_Date,Usage_End_Date,Cost_per_Quantity,Unrounded_Cost,Rounded_Cost,Total_Cost_INR
res-EWB6WO2A,BigQuery,233.0245,Requests,us-east1,68.7,40.39,52144618310,58883692028.0,2024-01-07 00:13:00,05/07/2024 22:14,8.49,1978.38,1978,164174
res-BZ5W9M5K,AI Platform,42.3,Hours,asia-northeast1,59.91,83.97,23645124707,29861999523.0,2024-01-07 02:06:00,02/07/2024 20:24,9.01,381.12,381,31623
res-P7GN3K3R,Cloud NAT,369.9806,GB,europe-west1,60.36,66.74,37635039600,38102762007.0,2024-01-07 02:48:00,05/07/2024 04:10,5.75,2127.39,2127,176541
res-RF559IVM,Cloud Spanner,933.6444,Requests,us-west1,92.88,35.54,38215807762,45909593430.0,2024-01-07 02:57:00,05/07/2024 07:28,2.74,2558.19,2558,212314
res-M3ZBKI2V,Cloud Memorystore,717.5885,Requests,us-central1,79.24,95.25,81736099653,88202065814.0,2024-01-07 03:32:00,02/07/2024 14:33,1.08,775.0,775,64325
res-A7Y0GW1C,Cloud Functions,34.2833,Hours,europe-west1,10.03,96.22,94135245422,98449735815.0,2024-01-07 04:28:00,02/07/2024 14:45,6.14,210.5,210,17430
res-5LLLKIJS,BigQuery,668.9061,Requests,northamerica-northeast1,64.24,46.71,66275745278,75243804180.0,2024-01-07 07:41:00,04/07/2024 10:25,5.96,3986.68,3987,330921
res-65KB06P4,Dataflow,103.9167,Hours,asia-east1,93.48,32.8,32475050333,40333849858.0,2024-01-07 08:59:00,05/07/2024 16:54,8.52,885.37,885,73455
res-BPP2I4JY,Cloud Spanner,531.0639,Requests,asia-east1,75.38,12.43,39898883632,48932096910.0,2024-01-07 09:54:00,05/07/2024 10:35,2.85,1513.53,1514,125662
res-OPE31JB2,Kubernetes Engine,58.8167,Hours,europe-north1,92.84,49.35,38117025024,46310224844.0,2024-01-07 09:56:00,03/07/2024 20:45,9.93,584.05,584,48472
res-LWK6DJPU,Dataflow,98.0667,Hours,australia-southeast1,32.91,22.82,99728008625,99735769398.0,2024-01-07 10:58:00,05/07/2024 13:02,6.66,653.12,653,54199
res-DXKGGUD7,Cloud SQL,439.1355,GB,asia-east1,0.69,57.08,35134645139,37251592742.0,2024-01-07 11:10:00,06/07/2024 21:17,7.67,3368.17,3368,279544
res-MZB1S515,Cloud Storage,805.6513,Requests,southamerica-east1,53.72,31.97,51944180329,58006946262.0,2024-01-07 15:32:00,03/07/2024 12:43,6.4,5156.17,5156,427948
res-0PKXQAXF,Cloud Endpoints,716.3448,GB,us-east1,85.67,57.03,13501372933,20403329092.0,2024-01-07 15:41:00,04/07/2024 16:28,6.11,4376.87,4377,363291
res-3ECMMHD3,Cloud Armor,882.3972,Requests,asia-east1,38.05,9.48,45169397512,54583521857.0,2024-01-07 16:40:00,05/07/2024 20:30,7.81,6891.52,6892,572036
res-WK1ERI38,Compute Engine,134.2333,Hours,asia-east1,64.78,85.55,86766791508,90442562221.0,2024-01-07 17:03:00,07/07/2024 07:17,4.61,618.82,619,51377
res-5O0LZKYC,BigQuery,477.7508,Requests,europe-north1,63.32,46.75,88256196324,95036019889.0,2024-01-07 19:51:00,04/07/2024 21:24,7.49,3578.35,3578,296974
res-BIZLO9XV,Cloud Load Balancing,749.4753,Requests,europe-west3,85.61,27.21,34512266113,42396858117.0,2024-01-07 20:11:00,07/07/2024 03:39,6.92,5186.37,5186,430438
res-DJYS3EO0,Cloud Build,113.9094,GB,europe-north1,60.01,78.71,25364257534,35178408351.0,2024-01-07 21:22:00,07/07/2024 12:29,4.63,527.4,527,43741
res-A1U5Y9Z5,Cloud VPC,466.6962,Requests,europe-west3,40.42,70.42,79766617491,88136650406.0,2024-01-08 00:18:00,03/08/2024 23:54,7.6,3546.89,3547,294401
res-LHZFUPDP,Cloud VPN,335.9038,GB,asia-southeast1,63.9,21.88,95554380366,98928289894.0,2024-01-08 01:40:00,02/08/2024 12:34,2.1,705.4,705,58515
res-TH2HV714,Firestore,668.343,GB,europe-west3,57.12,76.38,36394756934,46156760944.0,2024-01-08 03:28:00,06/08/2024 02:35,8.9,5948.25,5948,493684
res-OZF4OSTM,Cloud Functions,111.4167,Hours,europe-west1,29.83,54.6,81505567289,83707185300.0,2024-01-08 04:26:00,05/08/2024 19:51,7.29,812.23,812,67396
res-7DE9JX1O,Cloud VPN,470.6748,GB,northamerica-northeast1,0.67,93.53,75117876119,78971281541.0,2024-01-08 04:56:00,05/08/2024 03:45,9.45,4447.88,4448,369184
res-88OPB1KK,Pub/Sub,601.8522,Requests,asia-east1,31.71,70.24,28038913731,37441336007.0,2024-01-08 05:07:00,05/08/2024 04:53,3.76,2262.96,2263,187829
res-JWK1VY6C,Cloud VPC,217.147,GB,southamerica-east1,27.43,84.27,83416670685,88105164618.0,2024-01-08 06:24:00,05/08/2024 01:48,7.5,1628.6,1629,135207
res-13MDNGII,BigQuery,920.6326,GB,europe-west3,98.57,99.09,54809300779,55666754879.0,2024-01-08 08:09:00,04/08/2024 16:19,8.89,8184.42,8184,679272
res-VTF7HJFJ,Cloud Armor,175.9606,Requests,northamerica-northeast1,90.66,58.44,47065624520,47532415414.0,2024-01-08 10:35:00,06/08/2024 13:35,2.38,418.79,419,34777
res-F5EMGMM8,Cloud SQL,948.2171,GB,northamerica-northeast1,22.26,20.26,97371163399,98298454729.0,2024-01-08 11:01:00,06/08/2024 12:24,5.6,5310.02,5310,440730
res-VYZLUG57,Firestore,821.4108,Requests,asia-southeast1,95.03,33.02,31067732424,31349574604.0,2024-01-08 11:19:00,05/08/2024 09:12,4.18,3433.5,3434,285022
res-SJ11891I,Cloud CDN,920.1814,GB,asia-southeast1,11.67,6.75,41021653388,41645168947.0,2024-01-08 16:15:00,03/08/2024 21:48,5.78,5318.65,5319,441477
res-0IP8J7AC,Compute Engine,109.15,Hours,northamerica-northeast1,46.61,20.63,79400349492,80102703395.0,2024-01-08 16:24:00,06/08/2024 05:33,8.91,972.53,973,80759
res-Z35RBDV4,Cloud Endpoints,851.9663,Requests,asia-east1,16.04,92.44,15703469920,22933387070.0,2024-01-08 16:37:00,03/08/2024 21:30,7.58,6457.9,6458,536014
res-P7E29M8B,Cloud Data Fusion,546.5469,Requests,us-east1,98.75,78.64,49438110444,55728177096.0,2024-01-08 16:45:00,04/08/2024 13:19,3.32,1814.54,1815,150645
res-IZW2W4XT,Cloud VPN,160.4866,Requests,us-central1,34.35,88.63,60339419641,64894726306.0,2024-01-08 20:57:00,03/08/2024 10:49,2.85,457.39,457,37931
res-ST6BAJ2N,Cloud Dataproc,954.9843,Requests,europe-north1,92.72,70.42,77097035547,82685933273.0,2024-01-08 22:24:00,07/08/2024 06:54,5.24,5004.12,5004,415332
res-IPSRXLS0,Cloud Spanner,587.1242,GB,europe-west1,24.73,11.63,38218995247,46836316447.0,2024-02-07 00:58:00,06/07/2024 01:13,6.25,3669.53,3670,304610
res-FKBX47G9,Cloud Run,38.2167,Hours,europe-north1,41.18,81.14,21583247587,25875971843.0,2024-02-07 01:26:00,03/07/2024 15:39,4.71,180.0,180,14940
res-5RZ6TIFT,Kubernetes Engine,82.9,Hours,asia-northeast1,44.88,94.96,13212279998,17308367361.0,2024-02-07 02:21:00,05/07/2024 13:15,6.66,552.11,552,45816
res-MHZNFQHE,Cloud VPC,178.9791,GB,asia-northeast1,74.45,59.61,51923213434,61022206143.0,2024-02-07 07:10:00,07/07/2024 00:59,2.1,375.86,376,31208
res-58DCP6N2,Cloud Build,304.946,GB,europe-west1,53.64,27.09,63037904388,70624945076.0,2024-02-07 08:08:00,06/07/2024 11:58,5.61,1710.75,1711,142013
res-AOZJGYUX,Pub/Sub,290.508,Requests,europe-west3,64.4,61.47,82517483439,90231208571.0,2024-02-07 08:34:00,06/07/2024 15:44,9.99,2902.17,2902,240866
res-A4ULLZJW,Cloud Storage,340.1787,GB,us-west1,13.58,33.18,50524366416,59630573021.0,2024-02-07 09:16:00,07/07/2024 09:25,5.29,1799.55,1800,149400
res-EJM2VMLK,Cloud Spanner,87.8738,GB,europe-west1,97.45,80.05,89316801399,89912632274.0,2024-02-07 11:06:00,08/07/2024 02:42,2.5,219.68,220,18260
res-3SESG8V7,Cloud Memorystore,346.6752,GB,asia-east1,80.96,95.33,28698797112,36231433469.0,2024-02-07 11:20:00,08/07/2024 05:14,1.54,533.88,534,44322
res-UEL2KJBD,Cloud VPC,298.0653,GB,us-west1,66.82,57.94,24527235493,26241930001.0,2024-02-07 12:35:00,05/07/2024 16:16,7.34,2187.8,2188,181604
res-9VSL8AKL,Cloud CDN,687.6223,GB,asia-southeast1,71.14,94.07,38892223577,40407543548.0,2024-02-07 14:58:00,06/07/2024 07:24,2.39,1643.42,1643,136369
res-1RO85N0I,Compute Engine,67.75,Hours,southamerica-east1,40.24,94.45,97156852662,98079959949.0,2024-02-07 16:06:00,05/07/2024 11:51,4.51,305.55,306,25398
res-8DMDOAEB,Cloud Load Balancing,992.0661,GB,southamerica-east1,59.72,17.93,49573513144,57377379156.0,2024-02-07 16:07:00,04/07/2024 01:47,4.63,4593.27,4593,381219
res-J8G7NJAD,Cloud Storage,145.9373,Requests,northamerica-northeast1,9.59,28.75,81987854667,83659890497.0,2024-02-07 17:05:00,04/07/2024 13:56,6.25,912.11,912,75696
res-C7XKMCFZ,Cloud Memorystore,360.35,Requests,asia-east1,93.46,86.06,11333949670,12295147258.0,2024-02-07 17:46:00,05/07/2024 10:19,8.21,2958.47,2958,245514
res-YFTXHZ6V,Cloud VPC,531.6863,GB,us-west1,53.93,12.52,3696418486,12776658300.0,2024-02-07 18:46:00,07/07/2024 02:27,9.6,5104.19,5104,423632
res-C2BO9C9A,Cloud Build,359.6147,GB,asia-northeast1,15.22,33.29,74126443926,83900514981.0,2024-02-07 19:13:00,04/07/2024 20:08,3.06,1100.42,1100,91300
res-C2XM3T1J,Dataflow,40.4833,Hours,asia-east1,85.18,32.81,24102967462,28484820198.0,2024-02-07 20:56:00,04/07/2024 13:25,6.88,278.53,279,23157
res-6N22OLZ8,Cloud Spanner,358.3231,Requests,asia-northeast1,59.61,29.73,4720168247,9704777665.0,2024-02-07 23:29:00,04/07/2024 10:37,6.24,2235.94,2236,185588
res-T0HRH0Q7,Cloud Build,825.9177,GB,us-east1,95.54,1.83,97624944269,101582000000.0,2024-02-08 00:36:00,07/08/2024 16:46,5.26,4344.33,4344,360552
res-HLWAGRJX,Pub/Sub,565.1884,GB,us-east1,5.46,98.89,87565187937,92048056617.0,2024-02-08 00:52:00,03/08/2024 16:36,7.16,4046.75,4047,335901
res-AVUOMRX1,Cloud SQL,575.5324,GB,us-east1,45.97,23.87,1791250551,5271422916.0,2024-02-08 01:07:00,06/08/2024 02:30,6.94,3994.19,3994,331502
res-VVSWUAAE,Cloud VPC,371.4837,GB,us-central1,92.77,41.13,33496707994,39632106621.0,2024-02-08 01:39:00,05/08/2024 08:21,1.13,419.78,420,34860
res-U0XU6E1T,Cloud Dataproc,779.1763,Requests,asia-east1,80.81,91.42,95372099760,96841264412.0,2024-02-08 02:38:00,03/08/2024 06:37,4.23,3295.92,3296,273568
res-PJBYZUOO,Cloud Dataproc,376.8075,Requests,us-east1,20.6,1.99,39391998186,44986088106.0,2024-02-08 03:07:00,07/08/2024 04:02,1.35,508.69,509,42247
res-283P4R0H,Firestore,32.4517,GB,northamerica-northeast1,43.53,85.79,88791419619,89178594951.0,2024-02-08 04:11:00,05/08/2024 05:28,7.17,232.68,233,19339
res-GZ7OSG7F,Cloud Interconnect,402.6602,Requests,europe-north1,34.9,34.24,4051874744,6569214624.0,2024-02-08 04:53:00,07/08/2024 01:59,9.57,3853.46,3853,319799
res-OIFGN9S6,Cloud CDN,624.6729,Requests,australia-southeast1,37.12,15.38,36700200498,39984223729.0,2024-02-08 05:59:00,06/08/2024 03:48,4.7,2935.96,2936,243688
res-TZCL1KUV,Dataflow,138.45,Hours,europe-west3,1.0,52.13,8497823584,12491610322.0,2024-02-08 09:11:00,08/08/2024 03:38,6.43,890.23,890,73870
res-J4TRG8XL,Cloud Functions,28.6167,Hours,asia-east1,88.9,43.58,51467578269,54120045491.0,2024-02-08 15:38:00,03/08/2024 20:15,4.45,127.34,127,10541
res-WZAXU5QI,Cloud CDN,450.6231,Requests,us-west1,60.91,22.03,98546508449,103155000000.0,2024-02-08 15:50:00,05/08/2024 08:45,5.7,2568.55,2569,213227
res-UWUK1WBC,Cloud Interconnect,395.8666,Requests,us-west1,31.76,4.0,90103791429,96109228818.0,2024-02-08 15:51:00,04/08/2024 14:00,6.32,2501.88,2502,207666
res-ZZQL1YQ2,Cloud Run,30.7,Hours,australia-southeast1,93.43,60.69,90173241605,93835895466.0,2024-02-08 17:51:00,04/08/2024 00:33,8.96,275.07,275,22825
res-8RTLG18B,Compute Engine,39.0333,Hours,asia-east1,28.36,60.41,17071073345,19720613386.0,2024-02-08 18:25:00,04/08/2024 09:27,4.19,163.55,164,13612
res-7MPLP0WF,Cloud Run,139.5333,Hours,us-central1,55.83,51.05,75535230544,77049187501.0,2024-02-08 20:27:00,08/08/2024 15:59,1.89,263.72,264,21912
res-2SCCW6WM,Pub/Sub,725.2437,Requests,southamerica-east1,8.5,97.79,53813909020,59457074076.0,2024-02-08 20:29:00,05/08/2024 20:48,1.08,783.26,783,64989
res-736OPXF9,Cloud Run,110.5,Hours,australia-southeast1,54.59,9.18,32991739742,39729741599.0,2024-02-08 22:30:00,07/08/2024 13:00,9.73,1075.16,1075,89225
res-XK8ZUWJA,Firestore,812.9251,GB,europe-west1,54.66,80.7,28070401971,36292263633.0,2024-02-08 23:18:00,05/08/2024 04:17,8.7,7072.45,7072,586976
res-NNEGV70F,Container Registry,401.5322,Requests,asia-southeast1,65.74,16.9,50360694511,55594084151.0,2024-02-08 23:28:00,05/08/2024 21:54,2.44,979.74,980,81340
res-SPITPRK0,Compute Engine,103.5667,Hours,us-central1,64.54,62.33,76959968688,84668376889.0,2024-02-08 23:55:00,07/08/2024 07:29,4.88,505.41,505,41915
res-359KKTUA,Cloud Spanner,586.1986,Requests,southamerica-east1,58.98,64.55,14979783091,18422117013.0,2024-03-07 00:41:00,04/07/2024 07:48,1.79,1049.3,1049,87067
res-TIDGZD5D,Cloud Memorystore,116.0494,Requests,southamerica-east1,66.47,81.04,33771852558,37369213590.0,2024-03-07 02:50:00,07/07/2024 04:55,8.94,1037.48,1037,86071
res-J19CN3NN,Cloud Functions,100.2167,Hours,southamerica-east1,51.68,40.39,87228922486,88742671577.0,2024-03-07 03:00:00,07/07/2024 07:13,7.25,726.57,727,60341
res-73GWCHWA,Cloud Dataproc,79.2424,GB,us-central1,75.84,48.46,94036329618,98895434764.0,2024-03-07 03:46:00,08/07/2024 15:53,8.07,639.49,639,53037
res-DH7HJH9O,Kubernetes Engine,28.7833,Hours,northamerica-northeast1,25.53,26.24,39254762176,43503289304.0,2024-03-07 04:12:00,04/07/2024 08:59,8.12,233.72,234,19422
res-6LM9YMD7,Cloud NAT,987.5483,Requests,southamerica-east1,64.58,63.3,26239273306,34223805256.0,2024-03-07 04:28:00,07/07/2024 19:51,3.21,3170.03,3170,263110
res-UMMHRIG7,Cloud SQL,28.625,GB,asia-southeast1,62.21,85.89,13767173260,23195002465.0,2024-03-07 04:47:00,04/07/2024 17:05,3.13,89.6,90,7470
res-ZNB547LC,Cloud Memorystore,153.5011,Requests,us-east1,26.65,8.78,47511595763,54074999234.0,2024-03-07 05:37:00,05/07/2024 22:48,3.08,472.78,473,39259
res-VF6FXCMT,Firestore,10.5402,Requests,us-central1,84.79,69.28,6183948417,12748356367.0,2024-03-07 07:41:00,06/07/2024 06:09,1.32,13.91,14,1162
res-VH870SCG,Cloud Functions,138.2667,Hours,asia-southeast1,88.59,93.78,46054613143,50682032060.0,2024-03-07 08:36:00,09/07/2024 02:52,5.26,727.28,727,60341
res-2AKD3D5G,Cloud CDN,435.086,GB,asia-northeast1,95.51,84.66,74957443833,77986352608.0,2024-03-07 08:42:00,06/07/2024 00:54,1.29,561.26,561,46563
res-UGEUXAAR,Kubernetes Engine,112.4333,Hours,us-central1,52.52,97.7,35401774619,44386018898.0,2024-03-07 09:09:00,08/07/2024 01:35,4.63,520.57,521,43243
res-TXE03SK4,BigQuery,296.8281,GB,southamerica-east1,7.52,70.95,67249581572,68679044281.0,2024-03-07 11:56:00,09/07/2024 11:19,7.83,2324.16,2324,192892
res-C7QGGDW5,BigQuery,994.506,Requests,europe-west3,10.4,68.25,52643788421,53796037302.0,2024-03-07 12:29:00,07/07/2024 03:42,7.54,7498.58,7499,622417
res-G35CH69Y,Container Registry,661.8909,GB,northamerica-northeast1,97.45,33.87,47400717792,50656729309.0,2024-03-07 12:49:00,07/07/2024 00:02,1.89,1250.97,1251,103833
res-UPEK7TGF,Cloud Armor,339.41,Requests,europe-west3,88.22,64.11,90527835813,92142710021.0,2024-03-07 12:51:00,09/07/2024 12:26,4.35,1476.43,1476,122508
res-2XJ967QZ,Cloud Armor,809.6094,Requests,us-central1,87.85,37.18,83122842259,92891585359.0,2024-03-07 13:01:00,06/07/2024 22:46,5.54,4485.24,4485,372255
res-PNEPCKHW,Cloud NAT,142.5774,GB,us-east1,61.06,25.1,89802450137,94186930893.0,2024-03-07 13:45:00,07/07/2024 20:21,6.06,864.02,864,71712
res-AP3286AB,Cloud VPC,509.2785,GB,europe-west3,76.47,34.82,95064475095,103174000000.0,2024-03-07 14:36:00,08/07/2024 09:23,2.24,1140.78,1141,94703
res-X1LNU5KK,Cloud Dataproc,996.4919,GB,us-east1,48.72,36.85,79133661223,86555528164.0,2024-03-07 15:25:00,05/07/2024 00:28,7.31,7284.36,7284,604572
res-35L3HOZL,Compute Engine,64.3167,Hours,europe-west3,10.75,31.36,64401229845,68443558418.0,2024-03-07 18:48:00,06/07/2024 11:07,9.0,578.85,579,48057
res-0CUDY9AM,Compute Engine,67.9333,Hours,europe-west3,36.04,12.92,87765223697,94004249669.0,2024-03-07 18:57:00,06/07/2024 14:53,8.64,586.94,587,48721
res-FFU623P2,Cloud Interconnect,377.6054,GB,europe-west1,31.21,54.64,25009594193,34804350306.0,2024-03-07 20:09:00,06/07/2024 13:01,5.68,2144.8,2145,178035
res-1JUX8LS9,Cloud Functions,118.1,Hours,us-central1,84.66,59.16,4773068726,5717129990.0,2024-03-07 20:46:00,08/07/2024 18:52,3.34,394.45,394,32702
res-3PG1IW3C,Container Registry,250.3807,Requests,asia-east1,78.41,51.91,56910738249,57959808540.0,2024-03-07 21:21:00,07/07/2024 19:42,3.77,943.94,944,78352
res-C9KNE491,Cloud Spanner,28.6273,Requests,asia-southeast1,76.01,55.07,30942391610,38113531186.0,2024-03-07 22:36:00,06/07/2024 14:02,4.9,140.27,140,11620
res-GL3BFL4Z,Cloud Interconnect,30.4465,GB,asia-southeast1,99.65,0.11,1657331870,2827341389.0,2024-03-07 22:41:00,06/07/2024 18:20,1.52,46.28,46,3818
res-ID3TQL0D,Cloud NAT,335.0037,Requests,asia-southeast1,69.96,68.23,43868885858,52444783637.0,2024-03-07 23:07:00,06/07/2024 01:26,6.48,2170.82,2171,180193
res-PMFSLBBH,Cloud Run,70.2667,Hours,northamerica-northeast1,81.57,85.12,88789753885,96741542761.0,2024-03-07 23:16:00,06/07/2024 21:32,4.31,302.85,303,25149
res-XACLYR7O,Cloud CDN,657.3878,Requests,us-east1,43.57,32.42,64719533732,74457276259.0,2024-03-07 23:38:00,08/07/2024 06:34,3.28,2156.23,2156,178948
res-EM2XFZ8L,AI Platform,91.8667,Hours,asia-east1,71.61,22.98,68957858292,72151157511.0,2024-03-07 23:57:00,07/07/2024 19:49,8.18,751.47,751,62333
res-6BOEVI0R,Cloud SQL,527.927,GB,europe-west3,3.09,72.71,37778937466,46123023685.0,2024-03-08 00:59:00,08/08/2024 18:04,2.43,1282.86,1283,106489
res-919DA5VW,Cloud Dataproc,163.075,Requests,europe-north1,20.21,93.53,78724192890,83475645504.0,2024-03-08 02:12:00,08/08/2024 05:54,3.32,541.41,541,44903
res-3KHNOERC,Cloud Interconnect,607.4707,GB,southamerica-east1,18.05,9.28,69669692064,76918930113.0,2024-03-08 02:49:00,05/08/2024 21:27,2.75,1670.54,1671,138693
res-UATET0ZG,BigQuery,195.4914,Requests,europe-west1,61.71,91.21,22600367510,23271333009.0,2024-03-08 05:06:00,09/08/2024 04:25,2.4,469.18,469,38927
res-X0NWEN6B,Cloud Interconnect,577.1848,GB,australia-southeast1,38.24,36.55,30752391797,39657922545.0,2024-03-08 05:30:00,07/08/2024 01:48,7.42,4282.71,4283,355489
res-73GJ8ZUQ,Cloud Functions,113.7167,Hours,australia-southeast1,22.19,50.81,72922188358,73740836405.0,2024-03-08 05:48:00,07/08/2024 23:31,8.26,939.3,939,77937
res-NXRJ4YNL,Cloud VPC,661.2917,Requests,us-central1,24.84,34.47,91385878855,94431571544.0,2024-03-08 06:01:00,09/08/2024 01:43,6.55,4331.46,4331,359473
res-MHUZ0UCB,Cloud NAT,593.7,GB,southamerica-east1,25.5,89.97,32996592113,40478716789.0,2024-03-08 07:49:00,04/08/2024 15:05,5.58,3312.85,3313,274979
res-M8RGW39R,Cloud Storage,376.4622,GB,europe-west3,13.08,0.58,42831912294,43777704078.0,2024-03-08 09:32:00,06/08/2024 16:14,9.62,3621.57,3622,300626
res-ALHVTEHO,Kubernetes Engine,110.3167,Hours,us-east1,49.67,26.17,79950895147,87873607051.0,2024-03-08 09:57:00,08/08/2024 00:16,7.61,839.51,840,69720
res-X2N9B19G,Container Registry,302.3678,GB,asia-east1,90.78,86.3,17717813072,18693727301.0,2024-03-08 14:06:00,05/08/2024 04:14,9.77,2954.13,2954,245182
res-RMKORSAL,Cloud Run,136.75,Hours,europe-west1,4.02,94.8,6223155302,10482162987.0,2024-03-08 15:34:00,09/08/2024 08:19,7.49,1024.26,1024,84992
res-QZSVFSSA,Cloud Spanner,325.0195,Requests,southamerica-east1,7.74,32.63,4134917123,11405712912.0,2024-03-08 16:43:00,08/08/2024 22:03,9.87,3207.94,3208,266264
res-YB8GRSNJ,Cloud Functions,110.75,Hours,europe-north1,53.2,42.02,53292001133,58798521388.0,2024-03-08 19:23:00,08/08/2024 10:08,1.54,170.56,171,14193
res-J1A4NFH8,Cloud VPN,789.3788,GB,us-east1,32.32,14.03,97102223452,103176000000.0,2024-03-08 23:10:00,05/08/2024 17:38,6.17,4870.47,4870,404210
res-2UBLDDOC,Cloud Endpoints,957.9646,GB,australia-southeast1,92.23,25.12,82309446703,88424557528.0,2024-03-08 23:28:00,09/08/2024 14:42,6.52,6245.93,6246,518418
res-UB3MG63E,Cloud NAT,144.2559,Requests,us-west1,99.71,0.93,91717311680,95042899077.0,2024-04-07 01:20:00,08/07/2024 10:05,4.99,719.84,720,59760
res-6OMQ4VML,Cloud Armor,324.2647,GB,northamerica-northeast1,40.23,67.49,55430618756,56713923891.0,2024-04-07 01:45:00,07/07/2024 11:41,2.94,953.34,953,79099
res-L7CEPN9U,Kubernetes Engine,112.6667,Hours,asia-northeast1,99.25,14.54,48787684778,49550324250.0,2024-04-07 02:25:00,08/07/2024 19:05,2.71,305.33,305,25315
res-SXWYPIJP,Cloud Storage,670.2735,Requests,asia-northeast1,46.23,64.83,19597849520,29080373672.0,2024-04-07 07:15:00,07/07/2024 20:33,8.42,5643.7,5644,468452
res-U8V4KCX7,Cloud Armor,734.7722,Requests,australia-southeast1,26.61,62.42,11961130390,21953273498.0,2024-04-07 09:30:00,09/07/2024 08:16,7.1,5216.88,5217,433011
res-R4MY6SNT,AI Platform,40.5167,Hours,australia-southeast1,72.28,1.07,66864225934,75372480341.0,2024-04-07 09:45:00,06/07/2024 02:16,1.69,68.47,68,5644
res-AK01OOOD,Cloud Build,527.2681,Requests,asia-northeast1,61.56,43.96,26482469626,27726221853.0,2024-04-07 11:56:00,08/07/2024 22:22,8.95,4719.05,4719,391677
res-CFVZ9YM8,Cloud VPC,636.7192,Requests,europe-north1,69.63,29.21,3777085117,6701606221.0,2024-04-07 12:00:00,10/07/2024 08:40,1.12,713.13,713,59179
res-79FPROWE,Cloud Data Fusion,216.1677,Requests,europe-north1,53.52,54.18,68550645302,76772333973.0,2024-04-07 17:08:00,09/07/2024 13:45,9.74,2105.47,2105,174715
res-20XGKVRF,Cloud Endpoints,727.624,Requests,australia-southeast1,75.76,98.84,28995209715,34724604400.0,2024-04-07 19:24:00,06/07/2024 21:39,6.77,4926.01,4926,408858
res-U7QQJ58L,Cloud Storage,698.7765,GB,europe-west1,53.88,17.8,15702113681,16748005664.0,2024-04-07 21:28:00,09/07/2024 22:23,2.73,1907.66,1908,158364
res-IGDCS3TU,Cloud Load Balancing,960.8627,GB,europe-north1,15.27,94.05,93545537622,98590543085.0,2024-04-08 02:23:00,06/08/2024 22:53,1.81,1739.16,1739,144337
res-8YQ9D8TD,Kubernetes Engine,73.45,Hours,europe-west1,56.31,71.53,93719184439,100431000000.0,2024-04-08 04:48:00,07/08/2024 06:15,7.25,532.51,533,44239
res-AGO278CW,Compute Engine,127.7333,Hours,asia-southeast1,14.64,17.36,5838993983,8497442468.0,2024-04-08 05:25:00,09/08/2024 13:09,7.8,996.32,996,82668
res-5QMXZ068,Pub/Sub,468.1951,GB,asia-southeast1,92.1,60.77,81939046283,86683174597.0,2024-04-08 06:10:00,08/08/2024 16:29,1.54,721.02,721,59843
res-1M0Q8CHS,Cloud Spanner,313.9518,Requests,asia-southeast1,87.12,92.54,8742956924,16294699180.0,2024-04-08 06:28:00,08/08/2024 13:38,1.28,401.86,402,33366
res-723DJQ6D,Cloud Data Fusion,967.0035,Requests,asia-northeast1,7.96,10.82,65566056958,69139290269.0,2024-04-08 06:46:00,08/08/2024 05:39,8.99,8693.36,8693,721519
res-78Q0LVMD,Cloud Spanner,788.1574,GB,southamerica-east1,13.67,83.33,57395783635,66477797434.0,2024-04-08 07:26:00,06/08/2024 16:56,2.61,2057.09,2057,170731
res-0DCGVMQZ,Dataflow,34.35,Hours,australia-southeast1,43.47,0.06,63239879907,65056157071.0,2024-04-08 08:13:00,05/08/2024 18:34,1.06,36.41,36,2988
res-7HPPI6FR,Cloud Run,82.8667,Hours,europe-west1,58.16,83.44,40399318096,48297071888.0,2024-04-08 09:27:00,07/08/2024 20:19,8.17,677.02,677,56191
res-6KHDCRDB,Kubernetes Engine,26.9667,Hours,europe-west1,52.87,12.57,32172473599,36455010138.0,2024-04-08 10:51:00,05/08/2024 13:49,5.68,153.17,153,12699
res-82OZQF0P,Cloud Interconnect,60.418,GB,europe-west1,73.04,7.02,65950112568,67804396568.0,2024-04-08 14:38:00,05/08/2024 23:00,7.09,428.36,428,35524
res-CUF8T9GJ,Compute Engine,90.0333,Hours,us-central1,27.91,20.82,35168275881,35549490094.0,2024-04-08 16:44:00,08/08/2024 10:46,2.56,230.49,230,19090
res-WN4BM9FD,BigQuery,804.4451,Requests,australia-southeast1,99.56,53.42,50602995142,59486535960.0,2024-05-07 01:13:00,06/07/2024 07:09,6.8,5470.23,5470,454010
res-MMDE8EPH,Cloud Memorystore,314.7352,Requests,asia-southeast1,39.3,69.62,21937055382,31689047998.0,2024-05-07 01:50:00,10/07/2024 11:08,3.65,1148.78,1149,95367
res-SQ9YX98C,Cloud CDN,598.3014,Requests,europe-west3,43.99,26.46,84689113235,91029191150.0,2024-05-07 07:36:00,09/07/2024 18:27,6.56,3924.86,3925,325775
res-4DX4UZEY,Firestore,533.6245,Requests,australia-southeast1,96.4,52.4,72632018521,72843203438.0,2024-05-07 09:25:00,10/07/2024 21:26,5.08,2710.81,2711,225013
res-RD9ZXRO7,Cloud Functions,129.45,Hours,us-west1,8.92,70.83,11207230058,17444929033.0,2024-05-07 10:24:00,10/07/2024 19:51,7.82,1012.3,1012,83996
res-73ZAL0VC,Cloud Build,364.2323,GB,asia-northeast1,58.32,34.34,69480115831,74023232018.0,2024-05-07 13:27:00,09/07/2024 10:25,4.75,1730.1,1730,143590
res-4QU0YIQZ,Cloud VPC,453.4353,GB,europe-west3,9.78,85.01,37576289546,45693849488.0,2024-05-07 14:57:00,11/07/2024 02:10,6.45,2924.66,2925,242775
res-8EKE64Y9,Cloud Spanner,961.1396,Requests,us-central1,55.96,8.8,13441390615,15127259133.0,2024-05-07 15:29:00,11/07/2024 07:37,8.81,8467.64,8468,702844
res-RJHBOG4O,Cloud Build,475.9021,Requests,asia-east1,52.04,45.49,13042409238,19758151862.0,2024-05-07 16:26:00,08/07/2024 00:55,6.33,3012.46,3012,249996
res-VN7DLO1M,Cloud Interconnect,506.0399,Requests,asia-southeast1,2.5,40.41,64079190131,66145003338.0,2024-05-07 18:19:00,11/07/2024 03:18,4.0,2024.16,2024,167992
res-K27AH0K9,Cloud CDN,187.2887,Requests,europe-north1,81.86,14.13,32806148614,40584125808.0,2024-05-07 19:28:00,07/07/2024 02:42,8.83,1653.76,1654,137282
res-RL3ZN00U,Cloud Armor,61.0941,GB,asia-east1,47.88,61.95,86373536028,91987231536.0,2024-05-07 20:36:00,10/07/2024 08:09,9.86,602.39,602,49966
res-332C4VUK,BigQuery,868.9443,GB,europe-north1,7.93,58.75,21532985039,26104172138.0,2024-05-07 21:34:00,08/07/2024 06:45,6.41,5569.93,5570,462310
res-GN2VQM09,Cloud Functions,93.35,Hours,us-west1,39.94,64.89,44483443936,52798878897.0,2024-05-07 23:57:00,09/07/2024 21:18,6.69,624.51,625,51875
res-7I5BNPH4,Kubernetes Engine,128.65,Hours,australia-southeast1,35.24,50.33,83290683034,91928101174.0,2024-05-08 00:53:00,10/08/2024 09:32,5.13,659.97,660,54780
res-K7ZK8W1L,Cloud CDN,618.0578,GB,europe-west3,37.03,47.91,88779763311,89159125555.0,2024-05-08 04:10:00,07/08/2024 13:35,9.39,5803.56,5804,481732
res-3LCAI3LD,Cloud VPC,551.7888,Requests,europe-north1,22.38,66.68,91262089886,96432298119.0,2024-05-08 04:32:00,09/08/2024 18:36,1.84,1015.29,1015,84245
res-B5CBCS7N,Cloud Build,169.6846,Requests,europe-west1,9.72,54.35,77891960564,80290494361.0,2024-05-08 06:06:00,10/08/2024 00:38,3.27,554.87,555,46065
res-6TMZ7XGI,Cloud Interconnect,33.5644,GB,us-central1,64.51,55.66,14816960426,16678511128.0,2024-05-08 06:07:00,06/08/2024 19:21,5.34,179.23,179,14857
res-R357HHSJ,BigQuery,108.1187,Requests,us-east1,65.62,2.46,16232800047,19510703401.0,2024-05-08 11:05:00,07/08/2024 16:37,5.04,544.92,545,45235
res-7G3IAMPQ,Cloud Interconnect,30.7914,GB,asia-east1,99.67,25.22,31693150202,35848821301.0,2024-05-08 12:29:00,06/08/2024 20:02,3.39,104.38,104,8632
res-12TS2RYR,Cloud Run,110.8,Hours,us-central1,17.24,65.59,4984717928,7461405073.0,2024-05-08 12:56:00,10/08/2024 03:44,6.1,675.88,676,56108
res-EJ3TCI72,Compute Engine,90.7333,Hours,northamerica-northeast1,22.41,61.79,35788463783,41202319167.0,2024-05-08 13:18:00,09/08/2024 08:02,8.75,793.92,794,65902
res-ETVN9GGT,Dataflow,76.6833,Hours,asia-northeast1,66.18,54.39,6641579564,6709560828.0,2024-05-08 14:21:00,08/08/2024 19:02,1.59,121.93,122,10126
res-O0TIM29P,Container Registry,320.712,GB,asia-east1,51.38,64.92,6365195429,8569198627.0,2024-05-08 14:45:00,10/08/2024 04:45,7.23,2318.75,2319,192477
res-VA3KJDZY,Cloud Endpoints,315.848,GB,us-east1,40.42,3.39,22470722254,31363688005.0,2024-05-08 17:04:00,08/08/2024 06:08,1.1,347.43,347,28801
res-YXBRWF8R,Compute Engine,137.0667,Hours,southamerica-east1,28.29,4.12,38561687282,45947923845.0,2024-05-08 20:18:00,11/08/2024 13:22,2.9,397.49,397,32951
res-0IY5CRHC,Cloud Endpoints,446.8464,Requests,us-central1,53.22,40.17,77665417376,82152580105.0,2024-06-07 00:15:00,07/07/2024 06:00,7.93,3543.49,3543,294069
res-URCNWFQT,Container Registry,134.4698,GB,southamerica-east1,73.31,17.42,78806557651,81285853739.0,2024-06-07 00:29:00,07/07/2024 23:32,3.22,432.99,433,35939
res-5JQE0V7N,Container Registry,227.7202,GB,us-west1,54.59,42.02,79528411554,87175086484.0,2024-06-07 00:54:00,08/07/2024 02:20,8.03,1828.59,1829,151807
res-BCMWHPZX,Cloud Endpoints,477.7968,GB,asia-east1,43.56,38.53,16295257581,24012462997.0,2024-06-07 02:37:00,08/07/2024 00:39,9.77,4668.07,4668,387444
res-LN6R2D91,Kubernetes Engine,33.5167,Hours,asia-east1,76.81,64.04,43593721610,52263568746.0,2024-06-07 02:55:00,07/07/2024 12:26,8.29,277.85,278,23074
res-KC83Q99Y,Cloud Run,80.2667,Hours,europe-west1,31.15,9.74,93211993022,101672000000.0,2024-06-07 03:49:00,09/07/2024 12:05,7.62,611.63,612,50796
res-IP58UFOC,Cloud Load Balancing,922.2978,Requests,asia-northeast1,34.33,16.97,65971441196,72148237230.0,2024-06-07 10:10:00,12/07/2024 09:43,6.19,5709.02,5709,473847
res-SRHDS40W,Pub/Sub,45.1096,Requests,southamerica-east1,6.62,2.48,5964998640,14068838454.0,2024-06-07 10:53:00,08/07/2024 06:09,7.8,351.85,352,29216
res-ASTO68FD,Cloud Dataproc,107.9329,Requests,southamerica-east1,97.14,54.14,91345077372,95871025046.0,2024-06-07 11:18:00,12/07/2024 02:04,4.22,455.48,455,37765
res-Y50DHQFX,Cloud Run,92.4167,Hours,us-central1,81.9,53.13,87648117518,89269249455.0,2024-06-07 12:26:00,10/07/2024 08:51,2.56,236.59,237,19671
res-GXCYBT0U,Cloud Load Balancing,156.8948,GB,northamerica-northeast1,52.3,67.42,71864987424,75402314789.0,2024-06-07 15:58:00,11/07/2024 20:24,5.12,803.3,803,66649
res-ACEAM0OK,Cloud Dataproc,876.9623,Requests,australia-southeast1,69.75,67.91,48325139711,48893087132.0,2024-06-07 16:34:00,09/07/2024 09:33,9.61,8427.61,8428,699524
res-ZKMC08Q6,Cloud VPN,749.8458,GB,us-central1,37.77,12.91,51132749322,59370257849.0,2024-06-07 19:49:00,09/07/2024 22:12,5.91,4431.59,4432,367856
res-CX98PG3J,Cloud CDN,334.1195,GB,asia-southeast1,89.13,2.68,84348089965,91125972851.0,2024-06-07 20:33:00,10/07/2024 10:18,7.71,2576.06,2576,213808
res-DXFGDOXR,Cloud SQL,248.0948,Requests,europe-west3,3.98,48.93,89767050146,95190480103.0,2024-06-08 01:01:00,11/08/2024 15:41,4.93,1223.11,1223,101509
res-4ZQSMUOB,Cloud VPC,388.3619,Requests,northamerica-northeast1,28.47,9.27,16624322226,21659815981.0,2024-06-08 02:02:00,07/08/2024 16:03,1.0,388.36,388,32204
res-6P1VN6A6,Cloud Run,117.0833,Hours,australia-southeast1,87.35,70.7,51699509941,56177287267.0,2024-06-08 05:50:00,11/08/2024 02:55,5.94,695.47,695,57685
res-2QQ6HOHO,BigQuery,851.117,GB,northamerica-northeast1,27.67,10.1,93663664453,101510000000.0,2024-06-08 06:00:00,12/08/2024 04:45,2.21,1880.97,1881,156123
res-WVOZ77BZ,Cloud VPN,510.126,GB,asia-east1,47.74,44.67,30086018529,39239617577.0,2024-06-08 06:27:00,10/08/2024 01:25,5.27,2688.36,2688,223104
res-0C0LFDHN,Cloud Interconnect,747.7278,GB,asia-southeast1,29.11,28.36,57109742860,66197385049.0,2024-06-08 06:33:00,08/08/2024 14:03,7.86,5877.14,5877,487791
res-9DNO9QPT,Cloud SQL,140.6604,Requests,us-central1,5.09,86.08,22144116941,24072541629.0,2024-06-08 07:40:00,11/08/2024 03:35,7.48,1052.14,1052,87316
res-JEOTOEFV,BigQuery,757.7714,Requests,australia-southeast1,34.57,79.93,53821049664,54208234208.0,2024-06-08 09:33:00,11/08/2024 11:24,1.62,1227.59,1228,101924
res-60OEWXWF,Cloud Functions,108.4167,Hours,us-west1,57.84,47.91,47845396038,50461064734.0,2024-06-08 10:40:00,10/08/2024 23:05,8.94,969.25,969,80427
res-FNMVRLU5,Cloud SQL,747.5286,GB,asia-southeast1,99.27,57.33,89313187681,94130910810.0,2024-06-08 14:09:00,08/08/2024 11:15,5.84,4365.57,4366,362378
res-Z56ZPSDU,Compute Engine,125.2833,Hours,us-east1,28.85,92.55,20719596409,29680737705.0,2024-06-08 15:30:00,11/08/2024 20:47,2.45,306.94,307,25481
res-B4TR1ASK,Cloud Storage,257.9384,GB,us-central1,71.17,8.79,71763559810,72012540203.0,2024-06-08 18:06:00,08/08/2024 12:30,1.23,317.26,317,26311
res-EO8OTO8A,Pub/Sub,569.517,GB,asia-southeast1,47.53,47.88,68319038330,77502869111.0,2024-06-08 18:40:00,08/08/2024 16:32,1.67,951.09,951,78933
res-ZOGT34FS,Kubernetes Engine,83.7833,Hours,us-west1,76.93,36.58,8648174636,11656487141.0,2024-06-08 18:56:00,10/08/2024 06:43,3.78,316.7,317,26311
res-4IJ5Z6XM,Cloud CDN,45.4336,Requests,australia-southeast1,67.64,95.66,46536399963,53165909418.0,2024-06-08 21:27:00,09/08/2024 08:23,2.52,114.49,114,9462
res-TDS8CF7O,Cloud Storage,216.1408,Requests,asia-east1,44.68,72.15,54360034912,58284153066.0,2024-06-08 22:37:00,09/08/2024 15:21,1.84,397.7,398,33034
res-4FELBDAQ,Cloud Armor,609.9901,Requests,us-east1,98.66,51.52,70591459011,75043755268.0,2024-07-07 00:52:00,09/07/2024 13:46,4.92,3001.15,3001,249083
res-5K3QHZV3,Cloud Functions,65.3167,Hours,asia-southeast1,68.32,2.37,32960902132,42041161989.0,2024-07-07 00:53:00,09/07/2024 18:12,6.64,433.7,434,36022
res-QC42LBFL,Cloud Interconnect,380.5532,GB,europe-north1,72.64,5.69,38592698190,43204718062.0,2024-07-07 04:23:00,10/07/2024 13:01,1.44,548.0,548,45484
res-LZN5MXKZ,Pub/Sub,793.7649,GB,asia-east1,27.33,95.49,84458700721,87023569683.0,2024-07-07 04:56:00,12/07/2024 05:15,2.2,1746.28,1746,144918
res-2JRVPSWP,Cloud Functions,38.2833,Hours,us-central1,1.31,91.65,62679280845,64790751395.0,2024-07-07 05:10:00,08/07/2024 19:27,4.98,190.65,191,15853
res-G8DQRSLB,Kubernetes Engine,142.6833,Hours,europe-north1,71.19,48.74,71678352875,72257386501.0,2024-07-07 08:52:00,13/07/2024 07:33,4.01,572.16,572,47476
res-7KU20OYT,Cloud Endpoints,263.0482,Requests,asia-southeast1,48.44,61.01,69487180961,78309360135.0,2024-07-07 10:30:00,12/07/2024 00:33,7.5,1972.86,1973,163759
res-NMOO691Q,Cloud NAT,517.1946,GB,northamerica-northeast1,99.97,28.88,12227499618,13094464652.0,2024-07-07 10:32:00,13/07/2024 01:12,4.25,2198.08,2198,182434
res-KI6SEH8K,Cloud VPN,194.6074,GB,southamerica-east1,71.48,83.84,50023921405,52243912598.0,2024-07-07 12:16:00,11/07/2024 01:58,7.04,1370.04,1370,113710
res-V7ARIHDE,Cloud CDN,765.118,GB,asia-southeast1,77.63,99.01,60151911059,63678591085.0,2024-07-07 13:44:00,12/07/2024 12:33,4.05,3098.73,3099,257217
res-6C3V0R66,Cloud Storage,217.4256,GB,asia-northeast1,18.53,30.3,20427670770,22033898860.0,2024-07-07 13:53:00,11/07/2024 07:22,9.19,1998.14,1998,165834
res-0XZC95XI,Cloud Interconnect,251.7631,GB,us-east1,48.02,36.94,17720150775,21629763823.0,2024-07-07 14:03:00,11/07/2024 11:10,5.91,1487.92,1488,123504
res-366EBDKF,Cloud VPN,565.7255,GB,europe-west1,37.1,44.59,34872615846,35850067743.0,2024-07-07 15:53:00,09/07/2024 23:08,9.38,5306.51,5307,440481
res-F3P3S9SJ,Cloud Armor,410.0347,Requests,europe-north1,24.22,20.83,69278146151,72893012474.0,2024-07-07 17:00:00,12/07/2024 07:22,5.01,2054.27,2054,170482
res-3L534J8F,Cloud NAT,806.7405,GB,europe-west1,31.41,66.93,33910114913,41233732659.0,2024-07-07 19:48:00,09/07/2024 11:23,8.45,6816.96,6817,565811
res-5L671N5R,Cloud Dataproc,979.532,GB,europe-north1,33.65,36.53,28103457034,34084735663.0,2024-07-07 22:25:00,13/07/2024 12:29,2.18,2135.38,2135,177205
res-OGSC78DB,Cloud CDN,258.9203,GB,asia-east1,26.6,9.73,62749645572,69290341947.0,2024-07-08 00:55:00,09/08/2024 15:42,7.84,2029.94,2030,168490
res-0OBWMFY3,Cloud CDN,277.8297,GB,australia-southeast1,29.26,5.84,72137164877,80001823378.0,2024-07-08 01:36:00,12/08/2024 21:19,8.89,2469.91,2470,205010
res-F1AKU3HS,Cloud Build,698.9762,Requests,us-east1,57.55,24.88,4379117542,9661924322.0,2024-07-08 03:26:00,10/08/2024 14:03,5.51,3851.36,3851,319633
res-9H929X64,Cloud Functions,73.95,Hours,asia-east1,93.44,68.76,12456947603,16300754614.0,2024-07-08 05:28:00,10/08/2024 07:25,5.24,387.5,388,32204
res-D2NUI8OM,Cloud Spanner,388.8883,GB,asia-northeast1,80.23,41.57,81865257366,85119583044.0,2024-07-08 07:16:00,08/08/2024 20:25,7.03,2733.88,2734,226922
res-V6XDWUHS,Cloud Build,64.1684,Requests,us-west1,98.89,90.96,28166238801,33532968220.0,2024-07-08 08:44:00,10/08/2024 15:48,1.83,117.43,117,9711
res-P8YZ4FWM,Cloud Endpoints,601.8144,GB,northamerica-northeast1,59.89,18.97,44727126673,45239018284.0,2024-07-08 09:36:00,12/08/2024 06:28,7.81,4700.17,4700,390100
res-ZGO426P7,BigQuery,135.875,GB,europe-west1,58.92,50.88,84605460548,90889118377.0,2024-07-08 09:39:00,11/08/2024 07:46,2.97,403.55,404,33532
res-FIFHP5ZQ,Dataflow,125.4,Hours,southamerica-east1,86.87,51.35,42088709475,46109484906.0,2024-07-08 12:50:00,12/08/2024 18:14,2.42,303.47,303,25149
res-V74BYSS7,Cloud Storage,129.8672,GB,europe-west3,5.83,72.51,97271842205,104917000000.0,2024-07-08 13:28:00,08/08/2024 21:41,3.89,505.18,505,41915
res-3B55JMP3,Pub/Sub,778.0122,GB,northamerica-northeast1,79.14,83.42,56450611354,61528752233.0,2024-07-08 13:32:00,10/08/2024 16:22,5.88,4574.71,4575,379725
res-UCRJNM18,AI Platform,40.9833,Hours,europe-west1,47.14,18.34,63610084029,69417402995.0,2024-07-08 15:32:00,09/08/2024 08:31,6.12,250.82,251,20833
res-C5CZKKHQ,Cloud Armor,496.1508,Requests,asia-east1,55.0,38.71,4799310440,9647490183.0,2024-07-08 20:19:00,13/08/2024 08:27,5.87,2912.41,2912,241696
res-JNJGGP0G,AI Platform,116.4333,Hours,europe-north1,5.17,44.41,32590764217,34285952731.0,2024-07-08 21:33:00,12/08/2024 17:59,2.3,267.8,268,22244
res-YHWPU7BD,Cloud NAT,571.2061,Requests,asia-northeast1,96.9,91.73,15610460343,18782478171.0,2024-07-08 21:49:00,10/08/2024 00:44,1.9,1085.29,1085,90055
res-SLNI45BI,Cloud Endpoints,271.4415,GB,australia-southeast1,21.34,95.77,27734517911,28809471848.0,2024-07-08 22:23:00,12/08/2024 16:07,2.69,730.18,730,60590
res-3UMQCQ7L,Cloud NAT,490.5874,Requests,europe-north1,85.69,89.77,48701052634,51880282611.0,2024-08-07 00:22:00,11/07/2024 05:33,8.05,3949.23,3949,327767
res-TN5WOFB9,Pub/Sub,495.8071,Requests,europe-west1,59.62,83.14,48483886400,50532876187.0,2024-08-07 00:32:00,13/07/2024 22:38,2.51,1244.48,1244,103252
res-J6ZAWPRX,Dataflow,67.65,Hours,asia-east1,11.6,26.83,54241583252,59300414025.0,2024-08-07 01:41:00,10/07/2024 21:20,9.46,639.97,640,53120
res-8J3C2M2T,Cloud VPN,580.6282,Requests,us-east1,53.45,20.49,58478050426,61938156194.0,2024-08-07 02:20:00,13/07/2024 16:46,2.04,1184.48,1184,98272
res-IOPJEVUT,AI Platform,38.4,Hours,europe-west1,8.55,52.81,58846129490,59441536233.0,2024-08-07 07:00:00,09/07/2024 21:24,9.67,371.33,371,30793
res-Q31L0E0M,Cloud Interconnect,132.8637,Requests,us-central1,68.3,65.19,67918645337,73433835245.0,2024-08-07 07:30:00,09/07/2024 21:19,1.39,184.68,185,15355
res-2QG7Y510,Cloud Run,46.6833,Hours,us-central1,65.91,24.26,1038679308,1207921154.0,2024-08-07 09:22:00,10/07/2024 08:03,7.28,339.85,340,28220
res-NKCZLRJU,Cloud SQL,440.8594,GB,asia-east1,63.21,81.01,78340522052,85056013216.0,2024-08-07 09:40:00,11/07/2024 04:11,4.18,1842.79,1843,152969
res-O6M9SSN4,Cloud Functions,64.4,Hours,asia-northeast1,73.65,78.18,7858161709,11020796310.0,2024-08-07 11:05:00,11/07/2024 03:29,3.67,236.35,236,19588
res-ORDNJ24E,Kubernetes Engine,135.5667,Hours,australia-southeast1,70.13,59.73,56740180306,63344615356.0,2024-08-07 11:32:00,14/07/2024 03:06,6.03,817.47,817,67811
res-QZVTIOPY,Cloud Storage,982.2498,Requests,asia-east1,17.08,91.07,13345361356,13858425661.0,2024-08-07 12:55:00,12/07/2024 11:48,8.59,8437.53,8438,700354
res-B1KP68K8,Cloud Functions,60.7,Hours,asia-southeast1,38.88,59.1,34279058769,34342664992.0,2024-08-07 14:28:00,11/07/2024 03:10,6.52,395.76,396,32868
res-5X6K6WLT,Cloud VPC,739.8663,Requests,asia-east1,96.28,35.39,75172925598,80420687118.0,2024-08-07 16:17:00,12/07/2024 19:01,4.92,3640.14,3640,302120
res-YDT1D7I0,Cloud NAT,564.102,Requests,asia-southeast1,18.88,49.82,3688312366,4358233797.0,2024-08-07 16:39:00,11/07/2024 15:10,2.9,1635.9,1636,135788
res-IKCJY3HZ,Firestore,809.9885,GB,northamerica-northeast1,4.19,66.7,68201830951,72712157558.0,2024-08-07 17:07:00,13/07/2024 16:13,6.19,5013.83,5014,416162
res-X5BTK7T1,Cloud Data Fusion,328.3641,Requests,asia-southeast1,21.95,3.74,33020350100,41725728130.0,2024-08-07 17:22:00,13/07/2024 03:52,6.78,2226.31,2226,184758
res-H0FLX264,Cloud NAT,555.4361,GB,asia-southeast1,66.59,58.88,89123002558,92701686882.0,2024-08-07 17:40:00,14/07/2024 01:49,6.38,3543.68,3544,294152
res-RZPR26RG,Cloud Storage,753.0083,GB,us-central1,26.45,34.41,72340339037,74874466857.0,2024-08-07 19:27:00,13/07/2024 19:55,4.34,3268.06,3268,271244
res-U3CCWT2L,Cloud VPN,384.7979,Requests,northamerica-northeast1,36.67,9.41,14639390405,20917834831.0,2024-08-07 19:35:00,14/07/2024 04:02,1.98,761.9,762,63246
res-L0UE4NJN,Cloud Load Balancing,352.7508,GB,europe-west3,2.34,57.32,6503092444,10855614594.0,2024-08-07 21:09:00,10/07/2024 14:12,4.19,1478.03,1478,122674
res-RJ0E47ZX,Cloud VPC,446.7635,Requests,asia-southeast1,38.45,58.64,89140612486,95390226085.0,2024-08-07 22:37:00,10/07/2024 00:01,8.27,3694.73,3695,306685
res-HGKJZW45,AI Platform,104.4167,Hours,asia-northeast1,77.76,26.69,46183519043,52895790556.0,2024-08-07 22:38:00,13/07/2024 07:03,4.06,423.93,424,35192
res-M9M70ZPZ,BigQuery,435.3222,Requests,asia-east1,12.19,1.93,15463764402,20309748109.0,2024-08-07 22:55:00,11/07/2024 08:02,4.44,1932.83,1933,160439
res-G897SS0M,Compute Engine,86.45,Hours,northamerica-northeast1,74.59,21.19,93819059399,100949000000.0,2024-08-08 00:20:00,11/08/2024 14:47,2.29,197.97,198,16434
res-XKCDKTD2,Cloud Armor,807.3648,GB,northamerica-northeast1,76.75,96.32,77535591565,77780082072.0,2024-08-08 00:37:00,11/08/2024 21:32,7.14,5764.58,5765,478495
res-AQ4RAS3L,Cloud Dataproc,14.7407,Requests,us-west1,27.66,9.87,99045026637,102258000000.0,2024-08-08 01:50:00,09/08/2024 13:23,6.47,95.37,95,7885
res-86KNN8SR,AI Platform,104.3167,Hours,europe-west3,68.9,78.67,97238146056,100020000000.0,2024-08-08 03:39:00,12/08/2024 11:58,4.78,498.63,499,41417
res-ORVHD3QJ,Cloud Dataproc,975.6498,Requests,us-east1,37.68,74.51,2399122689,3124427882.0,2024-08-08 03:49:00,09/08/2024 06:49,8.38,8175.95,8176,678608
res-04X4P614,Cloud Storage,163.497,GB,europe-west1,88.64,51.63,1075058312,8444601500.0,2024-08-08 04:09:00,13/08/2024 08:26,1.08,176.58,177,14691
res-IF612JJD,Cloud Run,26.6167,Hours,us-east1,14.82,44.84,88644466509,88993172945.0,2024-08-08 04:57:00,09/08/2024 07:34,6.88,183.12,183,15189
res-LHH3C6YV,Cloud VPC,799.878,Requests,europe-west3,51.03,1.84,47731592778,57265004862.0,2024-08-08 05:23:00,12/08/2024 18:25,7.23,5783.12,5783,479989
res-K3BCF3R1,Firestore,597.1564,Requests,asia-east1,59.22,56.06,14203586534,16388689847.0,2024-08-08 06:15:00,14/08/2024 04:26,4.38,2615.55,2616,217128
res-4RM5Q210,Cloud CDN,483.5996,Requests,asia-northeast1,3.75,27.96,52489355406,58053628767.0,2024-08-08 06:26:00,11/08/2024 19:58,3.72,1798.99,1799,149317
res-KEQ8NILK,Dataflow,91.2833,Hours,southamerica-east1,49.39,55.98,22028437577,27660730423.0,2024-08-08 06:32:00,12/08/2024 01:49,2.86,261.07,261,21663
res-05LVI8W6,Cloud Data Fusion,969.2377,GB,asia-east1,75.63,26.47,66245831479,68572243374.0,2024-08-08 07:07:00,11/08/2024 05:18,3.68,3566.79,3567,296061
res-1KZU3DQJ,Cloud CDN,277.6608,Requests,us-east1,66.09,22.93,73947753429,74062804247.0,2024-08-08 07:37:00,10/08/2024 13:13,3.82,1060.66,1061,88063
res-1J7E15GY,Cloud Run,115.0667,Hours,southamerica-east1,54.32,14.47,43700610779,48781743713.0,2024-08-08 10:21:00,13/08/2024 05:25,9.26,1065.52,1066,88478
res-65HI6BOX,Cloud Load Balancing,523.1705,Requests,us-east1,63.29,2.7,70920563187,77653883062.0,2024-08-08 10:27:00,14/08/2024 09:13,7.84,4101.66,4102,340466
res-DYPURO0P,Cloud SQL,195.0857,Requests,us-east1,10.28,50.53,67920358323,72730111824.0,2024-08-08 11:47:00,13/08/2024 18:54,3.98,776.44,776,64408
res-FJK6RBWJ,Cloud SQL,147.5414,Requests,us-east1,83.68,54.06,53965957218,59474416324.0,2024-08-08 19:34:00,11/08/2024 02:49,2.2,324.59,325,26975
res-LXFL51RN,Cloud Dataproc,824.8213,GB,europe-west1,87.46,12.53,39375271299,46063949220.0,2024-08-08 21:45:00,11/08/2024 02:52,4.21,3472.5,3472,288176
res-F6974M69,Cloud Interconnect,139.8127,GB,us-west1,36.36,12.6,2707689102,7586503982.0,2024-08-08 23:42:00,12/08/2024 01:20,8.65,1209.38,1209,100347
res-XCM67VGG,Cloud NAT,942.5422,GB,asia-east1,88.72,54.12,72585159345,80787050908.0,2024-09-07 01:42:00,10/07/2024 02:51,6.33,5966.29,5966,495178
res-3F8DKCVT,Cloud Build,948.4506,GB,southamerica-east1,34.32,66.1,83320723084,88800038067.0,2024-09-07 04:17:00,11/07/2024 10:11,6.26,5937.3,5937,492771
res-LWGX075A,Cloud Dataproc,923.9322,Requests,southamerica-east1,7.35,60.67,69202029280,73959120285.0,2024-09-07 04:45:00,10/07/2024 15:26,9.56,8832.79,8833,733139
res-W17TJLS5,Cloud SQL,906.43,Requests,northamerica-northeast1,97.03,1.48,16632427891,17804809971.0,2024-09-07 09:21:00,14/07/2024 02:52,3.33,3018.41,3018,250494
res-TMUUSOKX,Cloud Memorystore,289.8287,Requests,australia-southeast1,8.77,37.92,94296289933,102776000000.0,2024-09-07 11:52:00,12/07/2024 01:05,5.02,1454.94,1455,120765
res-MJRPXFOX,Cloud SQL,470.2063,GB,asia-northeast1,3.96,14.6,54199201379,59810008360.0,2024-09-07 12:59:00,11/07/2024 05:38,8.35,3926.22,3926,325858
res-JVCSJXZW,Firestore,230.4643,GB,europe-west1,52.02,75.19,49637105643,51071043166.0,2024-09-07 13:12:00,14/07/2024 08:27,6.85,1578.68,1579,131057
res-WM0B0C31,Cloud Data Fusion,453.6261,GB,asia-east1,43.49,25.0,68066971596,75145648010.0,2024-09-07 13:24:00,15/07/2024 02:39,3.7,1678.42,1678,139274
res-JAL9EY6P,Compute Engine,78.7,Hours,europe-west1,68.28,26.56,60327278928,66769681245.0,2024-09-07 14:33:00,12/07/2024 21:15,4.89,384.84,385,31955
res-J34Y24JL,Cloud NAT,941.414,Requests,europe-west1,68.48,73.0,4028608736,10733576597.0,2024-09-07 15:25:00,14/07/2024 23:33,6.86,6458.1,6458,536014
res-HX66EBRY,Dataflow,126.35,Hours,asia-northeast1,83.1,14.15,1147988415,2039725231.0,2024-09-07 16:58:00,14/07/2024 23:19,1.52,192.05,192,15936
res-QW1X0I92,Compute Engine,54.4,Hours,asia-east1,20.38,81.34,94605229974,100479000000.0,2024-09-07 17:20:00,11/07/2024 23:44,7.52,409.09,409,33947
res-EZZPDSGT,Compute Engine,101.5,Hours,asia-southeast1,37.57,32.15,81529079148,81835001901.0,2024-09-07 18:39:00,14/07/2024 00:09,9.82,996.73,997,82751
res-BPLHVSWK,Cloud Build,416.5054,GB,asia-southeast1,89.32,70.16,78376768286,85710609210.0,2024-09-07 19:20:00,15/07/2024 14:47,7.63,3177.94,3178,263774
res-L9JQCL5H,Dataflow,80.4,Hours,southamerica-east1,50.28,11.88,77464457242,77859360072.0,2024-09-07 19:32:00,13/07/2024 03:56,7.93,637.57,638,52954
res-MOZFAE74,BigQuery,988.0913,GB,europe-west3,77.86,5.25,93395819976,97172248054.0,2024-09-07 22:53:00,12/07/2024 22:52,5.45,5385.1,5385,446955
res-HPZG31IQ,Pub/Sub,548.395,GB,asia-southeast1,13.18,37.74,64482162259,67883170958.0,2024-09-07 23:43:00,12/07/2024 05:03,8.53,4677.81,4678,388274
res-RDEPCFLV,Cloud Functions,31.4,Hours,us-west1,66.21,60.58,48909078248,56422763858.0,2024-09-08 01:35:00,10/08/2024 08:59,4.56,143.18,143,11869
res-SGGDE383,Cloud CDN,202.9644,GB,asia-southeast1,65.39,96.46,39527760122,45152662232.0,2024-09-08 02:43:00,12/08/2024 01:39,2.17,440.43,440,36520
res-09E1SUAC,Cloud VPN,766.1311,Requests,europe-west3,30.35,94.56,36366480544,40273228745.0,2024-09-08 02:47:00,14/08/2024 13:38,8.48,6496.79,6497,539251
res-AHNBC1V6,Cloud Endpoints,388.7474,GB,europe-north1,72.75,57.96,93325878549,100975000000.0,2024-09-08 03:54:00,14/08/2024 06:54,2.03,789.16,789,65487
res-YJD6C3D4,Kubernetes Engine,133.9833,Hours,northamerica-northeast1,48.01,77.78,86808016202,96487241274.0,2024-09-08 04:02:00,14/08/2024 18:01,4.8,643.12,643,53369
res-7LLUZT3G,Cloud Endpoints,958.0251,GB,europe-north1,21.58,24.91,14507368142,14799300079.0,2024-09-08 07:10:00,11/08/2024 00:09,8.34,7989.93,7990,663170
res-9DDBUWHQ,Kubernetes Engine,25.5,Hours,asia-southeast1,62.01,87.4,28455636699,36029218777.0,2024-09-08 07:48:00,10/08/2024 09:18,4.24,108.12,108,8964
res-ALXOYSRK,Cloud Data Fusion,11.9494,Requests,southamerica-east1,94.02,16.06,76472318775,81965940657.0,2024-09-08 10:19:00,14/08/2024 11:40,7.2,86.04,86,7138
res-RNNS13FP,Compute Engine,61.4833,Hours,australia-southeast1,73.77,16.96,60202055264,68337416384.0,2024-09-08 10:49:00,12/08/2024 00:18,3.98,244.7,245,20335
res-4TBQH6B1,BigQuery,357.5289,Requests,asia-northeast1,19.36,40.14,10886501175,20627001344.0,2024-09-08 11:18:00,14/08/2024 20:28,2.43,868.8,869,72127
res-LBZMB3VM,Cloud Endpoints,323.6305,GB,asia-east1,85.01,78.84,84496301651,85421901662.0,2024-09-08 12:31:00,12/08/2024 05:46,5.99,1938.55,1939,160937
res-XCONMZ4R,Cloud SQL,754.5171,Requests,asia-southeast1,41.13,18.29,80156463931,83917965863.0,2024-09-08 15:30:00,12/08/2024 04:40,4.34,3274.6,3275,271825
res-170DHBTE,Kubernetes Engine,114.5333,Hours,australia-southeast1,87.12,52.29,34053044273,34139736566.0,2024-09-08 20:25:00,14/08/2024 14:57,5.14,588.7,589,48887
res-100J1BTT,Cloud Build,568.3773,GB,europe-west1,8.79,52.74,13537126855,16002647625.0,2024-09-08 23:43:00,12/08/2024 06:08,5.71,3245.43,3245,269335
res-Q845DRSP,Cloud CDN,502.9505,Requests,asia-southeast1,87.46,31.97,9878243182,10546174477.0,2024-10-07 00:12:00,12/07/2024 11:39,5.53,2781.32,2781,230823
res-PAQEKYLT,Container Registry,755.6246,GB,europe-west1,40.49,63.72,94863560207,102431000000.0,2024-10-07 00:19:00,13/07/2024 06:46,7.33,5538.73,5539,459737
res-L5LC38CL,AI Platform,32.3167,Hours,us-central1,76.49,69.71,33326456106,38389861466.0,2024-10-07 01:36:00,11/07/2024 09:55,1.71,55.26,55,4565
res-1C1MLL0U,Firestore,98.5522,Requests,asia-northeast1,38.11,0.95,27363451299,35833738864.0,2024-10-07 02:26:00,12/07/2024 07:00,7.37,726.33,726,60258
res-D79LIUCM,Cloud Endpoints,839.2951,Requests,australia-southeast1,13.28,86.26,99716836901,100070000000.0,2024-10-07 03:33:00,14/07/2024 06:12,6.07,5094.52,5095,422885
res-LYT5L04L,Cloud Dataproc,249.2844,Requests,northamerica-northeast1,45.3,34.28,15861339674,19799823950.0,2024-10-07 03:58:00,11/07/2024 16:23,3.53,879.97,880,73040
res-9QO2FLXN,Cloud Data Fusion,609.1028,Requests,europe-west1,75.94,56.56,95693307169,103599000000.0,2024-10-07 04:21:00,11/07/2024 23:14,7.19,4379.45,4379,363457
res-QF6RILJO,Cloud Spanner,419.7062,GB,asia-southeast1,57.85,68.46,80869010194,88465873107.0,2024-10-07 05:31:00,13/07/2024 11:37,9.1,3819.33,3819,316977
res-N1V5L3PF,Cloud VPN,804.0664,GB,northamerica-northeast1,75.7,97.66,77064605414,81678867817.0,2024-10-07 07:36:00,15/07/2024 03:10,4.28,3441.4,3441,285603
res-Q1HJ9CE1,Cloud SQL,829.9321,GB,asia-northeast1,95.97,44.27,12624630979,14756357058.0,2024-10-07 08:31:00,15/07/2024 07:34,7.56,6274.29,6274,520742
res-HL2D36SZ,Cloud Build,31.2755,Requests,europe-north1,22.99,75.22,65622960511,66341293879.0,2024-10-07 08:55:00,14/07/2024 05:56,3.65,114.16,114,9462
res-1KB82DYG,Pub/Sub,517.2012,GB,australia-southeast1,51.35,48.91,88995413371,94138735210.0,2024-10-07 09:36:00,11/07/2024 13:39,7.47,3863.49,3863,320629
res-FGBS0WGH,Cloud Build,549.3916,GB,northamerica-northeast1,12.45,61.62,20227287540,27147217840.0,2024-10-07 10:15:00,13/07/2024 23:54,6.11,3356.78,3357,278631
res-R6V5BB2L,Cloud Load Balancing,805.2556,Requests,northamerica-northeast1,1.32,59.95,10002349370,18870602491.0,2024-10-07 11:03:00,16/07/2024 06:44,8.36,6731.94,6732,558756
res-PVXWL5C0,Dataflow,86.9833,Hours,us-central1,95.91,89.27,70761031842,79512127244.0,2024-10-07 12:05:00,14/07/2024 03:04,7.63,663.68,664,55112
res-P3JCTDOS,AI Platform,28.6667,Hours,europe-west1,23.39,56.76,78184512938,86307836887.0,2024-10-07 13:02:00,11/07/2024 17:42,8.07,231.34,231,19173
res-GTEJU4UK,Cloud NAT,238.7864,Requests,northamerica-northeast1,5.93,62.48,57070039373,58938060747.0,2024-10-07 13:30:00,13/07/2024 21:00,8.27,1974.76,1975,163925
res-0XF3LPGM,Cloud SQL,931.8438,GB,southamerica-east1,38.82,30.39,87922833079,97539696374.0,2024-10-07 16:07:00,16/07/2024 10:06,6.22,5796.07,5796,481068
res-4N1DTK2I,BigQuery,528.3413,Requests,us-east1,0.05,75.85,37307285450,40101055025.0,2024-10-07 17:13:00,14/07/2024 13:09,9.16,4839.61,4840,401720
res-OXE22REJ,Cloud Endpoints,295.4871,Requests,asia-east1,38.52,27.02,3592743618,7584104509.0,2024-10-07 17:18:00,12/07/2024 06:23,3.76,1111.03,1111,92213
res-O31OVWGU,Cloud Spanner,479.4566,Requests,us-central1,49.46,31.14,2200590863,5869948955.0,2024-10-07 17:49:00,12/07/2024 07:36,5.7,2732.9,2733,226839
res-WYVJMQ5V,Cloud Endpoints,177.7278,GB,southamerica-east1,40.15,7.95,92640197584,92794051251.0,2024-10-07 18:36:00,12/07/2024 10:07,6.65,1181.89,1182,98106
res-Z20WG5ZX,Container Registry,797.4945,Requests,europe-north1,65.91,16.06,92687205187,97209143636.0,2024-10-07 18:39:00,13/07/2024 13:42,7.3,5821.71,5822,483226
res-MD82YFPZ,Kubernetes Engine,31.2833,Hours,asia-east1,94.2,76.15,30211701461,34831933503.0,2024-10-07 20:29:00,12/07/2024 03:46,7.86,245.89,246,20418
res-TDYG7ESV,Cloud NAT,306.7861,GB,europe-north1,19.59,95.71,98160908124,106232000000.0,2024-10-07 23:15:00,12/07/2024 02:51,8.51,2610.75,2611,216713
res-8VF7SQNS,Cloud VPN,77.1615,Requests,europe-west1,14.81,29.94,9666482890,12995923970.0,2024-10-07 23:29:00,16/07/2024 23:28,8.18,631.18,631,52373
res-US4RKQ3B,Cloud SQL,438.1467,Requests,us-east1,80.25,53.74,66205049163,75089217569.0,2024-10-08 00:14:00,14/08/2024 00:00,2.69,1178.61,1179,97857
res-67NUV63U,Pub/Sub,881.6954,GB,europe-north1,29.61,41.17,52142857257,54045175891.0,2024-10-08 02:40:00,13/08/2024 13:11,8.63,7609.03,7609,631547
res-8ZPK23NO,Kubernetes Engine,109.6333,Hours,us-west1,97.05,97.65,61917587897,67635412141.0,2024-10-08 03:36:00,14/08/2024 17:14,7.78,852.95,853,70799
res-S0A3I6KB,Cloud CDN,226.5132,Requests,us-central1,54.61,56.86,63126220369,67059945319.0,2024-10-08 04:48:00,15/08/2024 11:45,5.25,1189.19,1189,98687
res-RY520DKS,Cloud Armor,255.9859,GB,northamerica-northeast1,18.18,17.51,68083241730,70085717043.0,2024-10-08 04:58:00,12/08/2024 02:34,3.26,834.51,835,69305
res-1GXD61J7,Cloud Data Fusion,153.8323,GB,southamerica-east1,34.89,39.97,88229925390,93405272504.0,2024-10-08 05:23:00,15/08/2024 09:52,7.86,1209.12,1209,100347
